Chocobo Racing PS1 Playstation 1 Pal SquareSoft Final Fantasy;379,90 EUR;+ 20,00 EUR de envío;desde Francia;
Playstation PS1 - Chocobo Racing: Genkai e no Road SquareSoft con Spine Card JP;24,90 EUR;+ 17,90 EUR de envío;desde España;
** ** Promo Chocobo Racing Sony PlayStation PS1-muy difícil de encontrar PAL;349,08 EUR;+ 36,93 EUR de envío estimado;desde Reino Unido;
Sony PS1 Playstation - Chocobo Racing: Genkai e no Road - VERSIÓN JAPÓN;14,90 EUR;+ 17,90 EUR de envío;desde España;
Chocobo Racing Genkai  Obi spine card PLAY STATION 1 PS1 NTSC JAPAN Leer;9,95 EUR;+ 14,95 EUR de envío;desde España;
Chocobo Racing Genkai e no Road Playstation PS1 PSX jp jap;14,99 EUR;+ 11,99 EUR de envío;desde España;
Chocobo Racing NTSC-J jp PlayStation jap 1 PSX 2d/3d Mario Kart style Racer;39,99 EUR;+ 7,99 EUR de envío;desde Alemania;
Chocobo Racing Jeu Sony Playstation 1 Occasion Version NTSC-J (Japon);14,99 EUR;+ 6,00 EUR de envío;desde Francia;
Chocobo Racing Genkai e no Road (only soft) PlayStation NTSC-J Japan Import;14,99 EUR;+ 17,50 EUR de envío;desde España;
Chocobo Racing-NTSC-J Japonés Playstation PS1 Juego;46,69 EUR;+ 17,23 EUR de envío estimado;desde Reino Unido;
Chocobo Racing (Sony Playstation, PSX, PS1, 1999) - Nuevo, Sellado;172,46 EUR;+ 8,62 EUR de envío;desde Estados Unidos;
Chocobo Racing Sony PlayStation 1 PS1 Cartucho Completo en Caja Auténtica Black Label Probado;107,75 EUR;+ 4,44 EUR de envío;desde Estados Unidos;
Importación Sony Playstation-Chocobo Racing-Japón Japonés PSX PS1 Vendedor de Estados Unidos;12,93 EUR;+ 4,31 EUR de envío;desde Estados Unidos;
Chocobo Racing (Sony PlayStation 1, 1999) *MANUAL WARE* ;68,00 EUR;+ 10,20 EUR de envío;desde Canadá;
Chocobo Racing (Sony PlayStation 1, 1999) Nueva Sellado de fábrica;258,69 EUR;+ 7,20 EUR de envío;desde Estados Unidos;
Chocobo Racing (Sony PlayStation 1, 1999) auténtico y completo!;112,10 EUR;+ 4,53 EUR de envío;desde Estados Unidos;
Chocobo Racing ref/CCC PS1 Playstation Japón Juego p1;8,62 EUR;+ 14,66 EUR de envío;desde Japón;
Chocobo Racing 1999 impresión/Playstation Print Ad/arte cartel oficial;11,69 EUR;Envío gratis;desde Estados Unidos;
Revista oficial de nosotros PlayStation 24 de septiembre de 1999 demos jugables Chocobo Racing;12,93 EUR;+ 4,30 EUR de envío;desde Estados Unidos;
Chocobo Racing-Playstation PS1 (restaurada);125,89 EUR;+ 3,44 EUR de envío;desde Estados Unidos;
Chocobo Racing (Sony PlayStation 1, 1999) Disco Solamente;77,61 EUR;Envío gratis;desde Estados Unidos;
Chocobo Racing: Genkai e no Road Sony PlayStation Japón importación Vendedor de Estados Unidos;17,24 EUR;Envío gratis;desde Estados Unidos;
PLAYSTATION PS1-Chocobo Racing: Genkai e no carretera tridimensionales con la columna;25,85 EUR;+ 17,25 EUR de envío;desde España;
Chocobo Racing (Sony PlayStation 1, 1999);54,42 EUR;+ 12,71 EUR de envío;desde Canadá;
Chocobo Racing (PlayStation 1, 1999) PS1 disco de juego solamente Excelente Estado Ntsc;51,70 EUR;+ 4,31 EUR de envío;desde Estados Unidos;
Chocobo Racing PS1 Playstation 1 Japón importación N. Menta/Justo Vendedor de Estados Unidos;15,16 EUR;+ 2,59 EUR de envío;desde Estados Unidos;
Chocobo Racing (PlayStation PS1) - Disco Solamente probado;51,73 EUR;+ 3,79 EUR de envío;desde Estados Unidos;
Chocobo Racing PS1 PlayStation 1 Crash Team Mario Kart Completo Muy Buenas;215,54 EUR;Envío gratis;desde Estados Unidos;
PS1 PS PlayStation 1 carretera Usado a Chocobo Racing ~ Phantom mundo;17,24 EUR;Envío gratis;desde Estados Unidos;
PS1 Chocobo Racing Playstation Japón;18,97 EUR;Envío gratis;desde Estados Unidos;
Sony PS1 PLAYSTATION-Chocobo Racing: Genkai e no Road-Versión Japón;15,91 EUR;+ 17,25 EUR de envío;desde España;
PlayStation 2 Set (Chocobo Usado la misteriosa Dungeon 2 y Chocobo Racing);28,72 EUR;Envío internacional gratis;desde Japón;
Chocobo Racing Playstation PS importación Japón;21,99 EUR;+ 15,52 EUR de envío;desde Japón;
Sony PlayStation 1 - Chocobo Racing Genkai e no Road NTSC-J Japan;18,78 EUR;+ 9,39 EUR de envío;desde Australia;
Playstation 1 PS1 juego Chocobo Racing caso solamente sin juego no manual;25,87 EUR;Envío gratis;desde Estados Unidos;
Playstation 1 PS1 juego Chocobo Racing caso sólo no manual original sin juego;34,48 EUR;+ 4,44 EUR de envío;desde Estados Unidos;
